PV,Origin,SD
PV1,473.42229,111.72611
PV2,473.75171,112.62466
PV3,473.63844,113.27223
PV4,473.10247,113.46924
PV5,473.67012,113.04213
