PV,Origin,SD
PV1,477.4270789,112.8274699
PV2,477.8513222,113.5713043
PV3,477.7526135,114.2595125
PV4,477.0468146,114.5393545
PV5,477.7054031,113.9886369
