PV,Origin,SD
PV1,509.77881,98.27104
PV2,509.8865,98.20761
PV3,510.18829,97.68089
PV4,509.74968,98.39131
PV5,509.65364,97.92636
