PV,Origin,SD
PV1,501.91552,103.54133
PV2,502.00544,103.94119
PV3,502.35389,102.6822
PV4,501.84105,103.49324
PV5,501.65257,103.64052
